Unnamed: 0,OBJECTID,attr_FireDiscoveryDateTime,attr_InitialLatitude,attr_InitialLongitude
30,70,6/27/2020 18:51,41.39848,-111.8624
42,84,6/28/2020 5:34,40.45193,-111.8702
183,245,8/12/2022 21:03,40.54135,-111.4094
204,268,9/27/2022 19:52,40.478317,-109.454367
217,283,3/6/2020 0:36,39.34934,-112.266
246,312,6/16/2020 16:04,40.275861,-109.895639
283,357,5/22/2022 21:34,40.58549,-111.4433
406,502,7/5/2022 22:01,40.16511,-111.9436
410,510,6/18/2022 15:40,41.10867,-112.1037
416,516,3/29/2021 19:46,37.79309,-113.1398
520,635,7/19/2021 20:13,38.97959,-109.1377
649,786,8/29/2020 23:02,40.32114,-112.287
707,855,9/13/2020 2:22,40.36357,-111.6996
759,911,9/15/2022 1:45,40.62618,-111.7501
814,969,5/1/2022 1:28,40.73345,-112.2088
822,977,6/17/2022 18:05,40.5629,-112.097
898,1067,8/24/2020 3:27,37.21093,-113.1552
912,1082,4/26/2020 21:36,41.02042,-111.879
946,1122,8/10/2022 21:28,40.44874,-111.3514
966,1144,6/28/2021 22:03,37.03942,-112.5087
980,1158,8/24/2022 19:35,41.25009,-111.9171
984,1162,7/28/2020 21:16,40.90794,-111.4323
1103,1299,7/27/2020 19:05,40.3685,-111.9606
1126,1323,11/2/2020 1:12,37.3072,-113.6147
1181,1383,5/25/2020 6:42,37.18471,-112.9781
1183,1385,6/27/2021 18:22,37.70929,-113.6548
1209,1419,6/17/2022 18:19,40.7095,-112.2488
1244,1460,10/17/2020 18:01,40.2339,-111.6577
1304,1533,5/18/2020 20:19,40.38185,-112.3856
1309,1539,7/4/2022 18:58,40.77111,-112.5053
1378,1622,7/25/2020 21:28,40.541583,-112.491111
1394,1638,7/21/2021 21:43,39.403,-109.0738
1396,1640,6/2/2020 19:52,37.70632,-109.8738
1410,1657,9/6/2022 17:43,40.74354,-111.6579
1569,1839,7/11/2020 21:59,40.73262,-111.2631
1587,1860,3/29/2021 19:41,40.18472,-110.0262
1655,1939,7/14/2020 17:48,41.29699,-111.9617
1703,1993,7/9/2021 23:31,37.8629,-113.0348
1798,2101,6/1/2020 18:47,40.91275,-112.5143
1874,2183,3/12/2021 19:00,41.19916,-112.8741
1906,2223,7/17/2022 16:21,40.26207,-112.0919
1942,2265,7/14/2022 1:41,40.39093,-111.3914
1943,2266,7/9/2022 21:20,41.6386,-111.9329
1953,2278,8/7/2020 22:04,40.178333,-110.299444
2016,2351,4/4/2020 23:58,40.4317,-109.8745
2049,2387,5/12/2020 18:39,40.55244,-111.4646
2069,2411,9/15/2020 0:29,40.77432,-111.8042
2103,2447,9/17/2020 17:18,40.36024,-109.8957
2130,2475,7/17/2022 23:09,40.78539,-112.0129
2145,2491,9/6/2022 22:00,41.23606,-111.9292
2170,2520,7/27/2020 21:34,37.63102,-114.0306
2254,2613,7/17/2022 18:46,40.37767,-111.1747
2317,2688,6/17/2022 20:10,40.72624,-112.2179
2333,2704,7/2/2021 23:23,39.5985,-110.9338
2363,2735,8/7/2020 0:14,40.72563,-111.7726
2365,2738,7/17/2020 19:30,41.371,-111.8697
2375,2751,8/9/2020 18:26,40.211383,-110.865467
2447,2834,9/7/2020 23:27,40.14684,-111.5528
2450,2837,7/20/2020 22:37,40.62012,-112.4672
2603,3009,7/31/2022 23:39,40.53071,-112.2971
2654,3067,7/19/2020 20:14,40.46852,-110.3887
2677,3094,7/4/2022 6:00,40.91737,-111.8638
2740,3171,2/16/2022 15:50,38.32383,-109.0659
2789,3227,7/20/2021 19:26,37.0705,-112.5373
2792,3230,11/30/2020 22:22,40.83824,-112.5022
2798,3237,5/1/2020 19:12,38.94811,-109.2318
2819,3261,9/22/2020 6:27,40.67754,-111.7749
2822,3265,10/10/2020 22:42,38.81761,-112.4494
2856,3302,8/26/2020 3:21,39.682335,-111.07263
2939,3396,7/16/2020 23:32,40.46147,-111.4262
3137,3632,7/12/2021 2:25,37.2861,-113.7624
3186,3690,8/5/2022 22:45,40.74366,-112.0629
3201,3705,4/21/2022 20:15,40.17306,-111.6996
3219,3727,10/17/2020 17:37,41.0039,-111.4692
3261,3773,8/19/2021 4:21,37.11282,-113.6587
3295,3810,7/29/2020 20:08,40.526278,-109.957611
3317,3836,8/21/2020 6:22,38.77259,-112.0689
3410,3941,7/17/2022 22:01,40.80838,-111.4067
3418,3953,7/5/2021 4:46,37.20104,-113.2689
3519,4058,9/27/2020 23:14,37.39961,-113.6406
3560,4100,6/19/2021 3:15,40.56183,-109.7778
3593,4133,7/2/2021 19:44,38.76996,-112.3922
3734,4275,7/2/2022 21:05,39.05594,-110.1341
3784,4325,7/19/2020 21:00,37.17703,-113.4334
3805,4346,9/3/2022 20:36,40.1814,-111.1672
3841,4382,8/19/2020 22:43,41.84214,-113.0172
3945,4486,7/23/2020 4:11,37.2325,-112.2101
3983,4524,7/1/2020 20:58,39.64164,-110.3448
4171,4712,7/16/2021 23:29,40.8078,-112.9329
4217,4758,6/19/2020 21:38,38.78091,-112.5365
4219,4760,6/5/2021 17:55,37.64838,-112.5438
4233,4774,4/16/2020 0:57,40.29044,-109.8948
4259,4800,8/14/2020 18:15,40.80774,-112.9327
4265,4806,5/6/2022 22:18,38.22469,-111.3447
4295,4836,7/4/2020 19:41,37.9692,-113.5141
4347,4888,6/13/2020 16:42,40.35086,-111.9521
4358,4899,7/27/2022 21:47,39.16591,-109.6008
4368,4909,5/12/2022 21:10,37.12266,-113.5362
4445,4986,6/21/2020 20:02,40.70524,-112.664
4477,5018,6/13/2022 11:58,37.14128,-113.5632
4537,5078,5/23/2021 19:29,40.82257,-112.892
4549,5090,4/5/2021 20:51,37.53164,-113.425
4550,5091,6/10/2020 21:13,39.70274,-111.7452
4680,5221,7/24/2020 23:27,40.7081,-112.684
4697,5238,6/6/2020 3:43,40.79027,-112.503
4707,5248,7/7/2020 18:02,40.23284,-112.7233
4708,5249,8/17/2022 19:35,39.68902,-110.9027
4806,5349,6/6/2021 0:23,38.93359,-109.4198
4810,5353,6/26/2020 16:45,40.48177,-109.202
4841,5384,5/18/2020 0:46,37.06151,-113.6322
4871,5414,8/9/2020 16:29,39.67064,-112.2659
4972,5518,9/1/2020 1:55,38.96399,-111.9119
5125,5673,3/6/2020 23:55,39.05589,-112.3953
5137,5685,7/7/2021 23:05,39.02324,-111.7515
5155,5703,8/7/2021 21:57,37.60744,-109.241
5170,5718,8/7/2020 16:28,40.5001,-112.7479
5190,5738,7/26/2020 21:03,38.06526,-112.9636
5194,5742,6/19/2021 21:53,39.38104,-111.9279
5224,5772,5/31/2020 1:23,37.99147,-112.6841
5228,5776,7/6/2022 23:14,37.56235,-113.1662
5302,5850,6/20/2021 15:00,39.06327,-109.7712
5304,5852,5/21/2021 1:43,39.12299,-111.924
5478,6027,7/20/2021 18:22,41.9689,-113.1067
5479,6028,11/7/2020 1:02,37.24603,-113.6133
5488,6037,7/5/2020 20:01,37.71565,-113.2075
5493,6042,7/31/2020 19:32,39.80605,-111.52
5504,6053,6/28/2020 3:17,37.7869,-112.8567
5519,6068,8/19/2020 11:32,37.39111,-113.4511
5592,6141,6/15/2020 20:00,40.27067,-111.7439
5607,6156,6/25/2022 23:16,39.53018,-110.5216
5625,6174,7/4/2020 19:03,40.6979,-112.2599
5691,6241,4/14/2021 1:50,38.85838,-110.3744
5729,6279,5/30/2020 21:35,40.70572,-112.5189
5739,6289,8/5/2020 17:24,39.96364,-112.2356
5751,6301,9/4/2022 20:19,37.58345,-109.3725
5781,6332,6/17/2020 17:54,39.07273,-112.3882
5800,6352,9/11/2020 19:28,40.71935,-112.6609
5803,6355,8/12/2021 17:21,39.02483,-111.7122
5839,6391,7/8/2020 22:09,41.62584,-111.4871
5872,6424,3/10/2020 22:58,39.54844,-112.2279
5888,6440,6/11/2020 22:22,39.87604,-111.8251
5893,6445,11/7/2020 5:45,40.7387,-111.2436
5938,6490,7/8/2022 19:59,39.3586,-112.2966
5951,6503,5/22/2022 19:29,37.07565,-113.6241
5965,6517,8/9/2021 4:16,40.818333,-112.908
6012,6564,4/25/2022 17:40,37.83656,-109.1078
6018,6570,6/15/2020 0:00,40.81833,-112.822
6028,6580,6/29/2021 23:01,37.24713,-112.2591
6033,6585,6/4/2020 20:00,40.7611,-113.0059
6051,6603,6/18/2021 5:21,40.41383,-112.564
6066,6618,6/19/2021 1:50,37.03853,-112.7148
6079,6631,7/20/2020 19:49,37.53571,-112.6326
6114,6666,4/5/2021 19:39,38.63712,-112.1791
6134,6686,8/18/2020 19:00,38.8106,-112.0379
6136,6688,7/1/2021 19:54,41.98133,-113.9244
6148,6700,6/18/2021 23:47,37.9225,-114.005556
6153,6705,3/1/2021 21:13,38.96251,-111.8465
6156,6708,7/13/2020 20:55,37.33173,-113.7117
6159,6711,6/29/2021 21:33,37.89162,-113.8871
6176,6728,3/7/2021 20:08,40.15499,-110.5798
6183,6735,6/12/2020 2:33,37.83299,-113.0245
6195,6747,8/7/2020 18:37,40.53297,-109.9111
6223,6775,5/18/2020 21:38,37.27378,-113.297
6224,6776,7/13/2020 2:13,39.24994,-112.05
6229,6781,8/6/2021 4:56,41.78,-111.347667
6234,6786,5/31/2021 21:11,40.4986,-111.3306
6238,6790,7/5/2021 18:52,37.6562,-112.4396
6295,6847,6/5/2020 23:56,39.87539,-112.0014
6310,6862,6/24/2020 23:26,39.06763,-112.8973
6317,6869,4/4/2021 20:01,40.537778,-109.779583
6332,6884,5/26/2021 22:29,37.53099,-113.5928
6349,6901,7/11/2020 20:15,40.78628,-112.7612
6413,6965,7/6/2020 23:55,37.8007,-112.9358
6445,6997,8/11/2021 20:16,40.410433,-109.367217
6534,7088,6/23/2021 14:50,38.64787,-109.398
6583,7137,5/6/2022 17:09,37.07804,-113.3102
6596,7150,7/27/2020 2:38,40.24721,-112.1839
6618,7172,7/4/2021 1:13,37.04853,-113.5559
6625,7179,8/12/2020 21:39,40.32721,-112.1034
6763,7317,10/12/2022 21:07,39.41835,-110.8608
6788,7342,8/20/2020 2:03,41.69074,-113.7408
6797,7351,7/13/2021 4:27,37.48424,-113.6523
6799,7353,7/24/2021 22:33,41.21453,-111.7927
6817,7371,7/13/2020 1:42,38.87684,-112.3852
6839,7393,6/29/2020 1:52,37.24939,-113.6289
6864,7418,7/19/2020 14:19,39.32455,-113.3765
6877,7431,10/7/2020 22:55,38.66334,-112.1749
6930,7485,7/15/2021 0:19,41.24723,-111.8899
6944,7499,3/28/2021 20:34,40.19225,-109.9847
6981,7536,6/20/2021 18:29,39.576667,-109.741389
6995,7550,5/22/2021 15:36,38.83416,-109.7885
7015,7570,6/18/2020 22:21,39.22094,-112.4209
7065,7621,7/15/2021 0:57,40.59244,-112.5938
7075,7631,7/11/2020 22:16,40.23095,-112.1863
7081,7637,7/25/2020 23:06,40.3142,-112.006
7086,7642,6/10/2021 21:15,40.48243,-111.5116
7119,7675,8/12/2022 22:12,38.63913,-109.1184
7123,7679,6/12/2021 1:04,40.07478,-112.042
7183,7739,4/25/2022 17:40,37.85167,-109.1713
7187,7743,11/2/2020 23:21,37.30508,-113.4868
7213,7769,5/22/2021 16:22,38.83292,-109.7871
7282,7838,10/4/2020 20:31,39.24749,-112.1181
7345,7901,6/29/2020 20:07,39.81601,-111.8546
7365,7921,6/14/2020 0:10,39.21561,-112.4069
7458,8014,8/24/2022 11:00,41.31964,-111.8984
7470,8026,5/28/2021 21:57,38.97166,-111.957
7476,8032,6/21/2021 0:36,40.15971,-113.805
7487,8043,7/28/2021 22:54,41.70895,-113.3494
7510,8066,8/16/2020 11:25,38.90552,-111.4718
7517,8073,7/17/2022 22:16,38.3666,-109.1221
7520,8076,7/10/2020 20:31,40.7561,-113.0239
7599,8155,6/6/2020 3:49,41.6717,-113.9535
7624,8180,7/3/2020 6:05,37.18073,-113.7645
7638,8194,4/25/2022 19:49,37.57462,-110.6128
7653,8209,7/26/2022 21:19,38.57471,-109.6516
7664,8220,6/29/2021 1:11,39.97054,-111.693
7717,8273,6/28/2020 23:17,40.15741,-112.4308
7761,8317,8/24/2020 2:27,37.21934,-113.1632
7795,8351,10/6/2020 21:08,40.62245,-110.7984
7821,8378,7/17/2021 20:37,38.98766,-112.3014
7830,8387,7/5/2021 17:06,40.72813,-111.772
7871,8429,4/4/2021 19:10,40.35855,-110.0341
7885,8443,10/14/2020 1:11,37.04198,-112.2
7895,8453,8/15/2021 17:21,37.03854,-112.7148
7964,8522,7/13/2021 18:40,40.31975,-109.899
8045,8603,7/2/2020 23:01,37.8597,-112.8151
8069,8627,6/28/2020 19:41,40.25724,-111.9059
8088,8646,6/14/2020 18:46,37.64529,-109.1805
8089,8647,7/4/2020 1:45,40.16513,-111.9439
8169,8728,6/21/2020 1:30,40.04288,-112.7859
8174,8733,7/18/2020 10:37,40.79538,-112.4953
8213,8772,6/12/2020 17:45,41.35333,-113.8434
8214,8773,5/30/2020 23:59,39.21553,-112.4075
8271,8830,4/8/2021 22:21,39.59877,-110.8451
8290,8849,3/7/2021 20:18,40.39314,-110.0468
8292,8851,8/15/2022 17:53,38.75909,-110.3417
8355,8915,7/9/2020 20:53,40.6046,-112.393
8366,8926,6/30/2021 19:41,41.40604,-111.551
8380,8940,5/22/2021 15:03,38.85452,-109.8029
8401,8961,10/3/2020 16:18,37.7567,-112.6976
8410,8970,6/5/2022 18:20,37.28272,-113.273
8421,8981,4/8/2020 20:56,37.41741,-110.9825
8439,8999,7/16/2021 14:54,37.92244,-112.2554
8452,9012,6/6/2020 1:10,39.66635,-111.7809
8519,9080,5/18/2020 21:54,37.61438,-109.6476
8535,9096,7/16/2020 19:39,40.74471,-112.6419
8537,9098,6/14/2020 2:52,40.33364,-111.9601
8547,9108,7/15/2020 20:03,40.31138,-112.1199
8554,9115,6/20/2021 21:34,39.14794,-109.7062
8562,9123,7/30/2020 0:21,38.0508,-113.4648
8566,9127,8/27/2021 23:41,39.09211,-109.6093
8579,9140,5/13/2021 19:36,40.38272,-109.6021
8629,9190,5/25/2020 3:22,37.02421,-113.8662
8679,9241,8/6/2020 13:15,40.7589,-112.7739
8682,9244,4/28/2022 20:04,37.15585,-113.2911
8687,9249,8/26/2020 7:08,40.30739,-109.8725
8696,9258,7/8/2020 21:11,40.70211,-112.6758
8750,9312,8/25/2020 0:37,37.06129,-113.8151
8784,9346,7/27/2020 20:33,38.03623,-113.3537
8808,9370,8/26/2020 18:02,39.59907,-112.3251
8814,9376,7/20/2020 22:58,40.50449,-109.6961
8847,9409,8/16/2020 19:46,38.2114,-113.8434
8861,9423,7/29/2020 21:13,37.59043,-109.5047
8878,9440,7/19/2020 23:02,39.993,-112.2689
8904,9466,7/13/2021 22:52,40.33101,-112.5728
8932,9494,3/30/2021 22:08,40.4329,-110.00076
8957,9519,6/10/2022 0:27,37.19252,-113.1422
8999,9561,7/13/2020 20:20,39.93474,-111.8656
9117,9679,5/31/2020 17:51,38.59827,-113.2822
9138,9700,9/21/2020 23:01,38.30404,-112.4239
9157,9719,3/6/2021 23:36,40.72304,-113.2888
9166,9728,5/27/2021 23:02,39.26314,-111.867
9170,9732,9/4/2022 19:35,37.72665,-109.6427
9246,9810,6/12/2022 21:17,38.94389,-112.2534
9254,9818,6/21/2020 20:30,37.08071,-113.3067
9255,9819,5/20/2021 22:16,38.92607,-110.001
9265,9829,8/23/2020 11:16,37.9011,-112.9583
9284,9848,7/15/2022 23:16,37.36155,-113.2704
9300,9864,8/25/2020 18:24,40.63543,-110.4469
9346,9911,6/2/2020 0:07,38.64874,-110.0387
9395,9960,6/9/2020 1:44,37.07781,-113.1351
9403,9968,6/18/2021 20:38,37.33512,-112.0844
9407,9972,10/3/2020 18:28,38.0114,-112.8409
9441,10007,8/28/2020 20:38,38.34,-113.3898
9514,10080,2/6/2021 20:45,40.40028,-110.3129
9521,10087,7/21/2022 23:51,40.15971,-113.8048
9550,10116,6/13/2020 21:00,38.47699,-109.42873
9559,10125,8/19/2021 3:55,37.10929,-113.6569
9609,10175,5/22/2020 23:17,40.06252,-112.7823
9634,10200,6/27/2020 0:14,39.43353,-112.0349
9719,10286,6/8/2021 16:39,40.9332,-111.6239
9740,10307,10/16/2020 2:05,40.3712,-112.2288
9762,10330,6/25/2020 22:29,38.77185,-113.0528
9763,10331,8/4/2020 19:30,39.22844,-112.6699
9769,10337,10/19/2020 18:52,38.33447,-109.2004
9920,10489,7/22/2022 1:31,40.23426,-113.8514
9991,10560,9/3/2022 18:58,38.4264,-109.1417
10015,10584,5/14/2022 21:42,37.26975,-113.3196
10022,10591,6/7/2022 23:28,39.83336,-111.834
10025,10594,7/13/2021 22:30,40.3454,-112.5867
10046,10615,8/10/2021 14:24,39.4615,-109.9786
10064,10633,6/7/2021 23:48,40.53895,-109.523883
10080,10649,5/23/2022 2:16,38.18753,-112.0067
10108,10677,5/11/2021 22:28,40.287883,-110.017967
10115,10684,5/28/2021 17:23,39.7483,-112.74
10132,10701,7/5/2020 0:32,40.29932,-111.9704
10138,10708,6/5/2020 21:58,40.05033,-113.9832
10161,10731,5/27/2020 23:17,37.1334,-109.8522
10168,10738,7/27/2020 17:05,37.22769,-113.3487
10193,10763,6/1/2020 21:57,39.29909,-109.415
10335,10907,8/10/2021 1:50,39.65631,-110.3331
10376,10948,10/6/2020 18:12,40.47762,-110.887802
10475,11047,6/29/2021 20:47,37.78949,-113.94
10482,11054,7/15/2022 0:03,40.21,-112.5596
10545,11117,6/20/2021 19:34,39.666783,-110.767583
10554,11126,3/22/2020 22:56,38.81547,-109.6854
10576,11148,6/27/2020 4:49,37.01591,-112.0955
10636,11208,8/1/2022 22:51,40.16531,-111.6099
10663,11235,5/29/2021 20:07,37.29468,-113.5765
10671,11243,7/2/2022 20:06,39.05594,-110.1341
10706,11278,9/13/2020 22:54,40.36351,-111.7003
10752,11324,8/24/2020 2:37,38.70082,-113.2652
10772,11345,8/2/2020 16:02,39.52884,-109.222
10841,11415,6/14/2020 20:30,41.05372,-111.5298
10858,11432,7/8/2020 19:17,39.92551,-112.1305
10859,11433,6/18/2022 21:49,39.9621,-110.3822
10907,11482,5/15/2022 18:20,37.28394,-113.3051
10970,11545,9/19/2022 23:14,40.32826,-111.51896
10977,11552,4/3/2021 1:30,40.08245,-112.3533
10981,11556,7/30/2022 19:35,40.50583,-109.6871
10997,11572,7/31/2022 15:48,38.36931,-109.4442
11000,11575,9/2/2022 22:14,38.46336,-109.4465
11015,11590,7/29/2020 21:16,37.53402,-109.7587
11017,11592,7/26/2020 20:58,40.495533,-109.440317
11040,11615,4/10/2021 21:50,40.72664,-113.283
11058,11633,7/13/2022 22:07,41.88097,-113.5882
11059,11634,7/28/2021 15:21,41.98978,-113.4505
11061,11636,7/31/2020 21:14,37.69003,-109.8315
11066,11641,7/15/2021 20:38,37.12104,-111.9933
11072,11647,9/2/2020 19:57,38.35494,-109.2649
11119,11694,4/25/2020 22:26,40.33889,-109.8337
11123,11698,7/28/2021 23:16,40.82658,-112.9413
11131,11706,9/24/2022 18:18,39.20581,-111.7091
11211,11786,8/14/2022 21:44,37.24313,-113.5698
11249,11824,4/25/2022 17:40,37.86134,-109.2135
11257,11832,12/26/2020 19:00,40.29534,-112.2665
11318,11893,7/17/2020 21:31,41.81334,-111.7765
11327,11902,6/17/2021 19:11,37.43796,-112.2256
11347,11922,9/19/2021 21:39,39.27774,-112.1735
11377,11952,3/27/2021 20:00,41.81535,-112.9957
11417,11992,6/15/2021 18:41,37.28146,-113.6536
11499,12074,6/14/2020 17:31,40.7556,-112.6313
11507,12082,7/17/2020 19:07,37.04667,-113.3002
11547,12122,7/17/2022 21:51,39.53429,-110.5232
11564,12139,7/23/2020 3:48,37.10281,-113.8258
11595,12170,9/3/2022 18:58,40.0361,-111.8173
11606,12181,8/27/2020 21:11,40.61284,-112.2949
11746,12322,7/30/2021 3:20,41.873833,-113.706667
11771,12347,7/21/2020 15:57,39.55804,-111.8899
11791,12367,6/1/2021 20:41,40.412533,-109.499
11796,12372,6/29/2022 21:42,37.93248,-112.9563
11836,12412,7/31/2020 5:40,39.23323,-112.7478
11847,12423,9/24/2021 13:35,38.99825,-112.1958
11850,12426,9/4/2022 19:41,37.6934,-109.7292
11851,12427,6/24/2020 0:02,40.3142,-112.006
11856,12432,3/19/2021 22:04,40.84129,-113.0115
11867,12443,6/6/2020 20:20,40.77571,-112.5094
11895,12471,10/4/2020 14:52,39.20487,-112.1668
11909,12485,4/3/2021 1:12,40.0747,-112.3547
11941,12518,7/2/2021 23:18,40.266667,-109.1
11968,12545,7/4/2020 23:58,40.64964,-112.685
12122,12701,4/3/2022 20:41,37.35723,-113.2635
12137,12716,8/19/2020 22:51,39.511167,-109.5985
12189,12769,7/19/2020 16:16,40.74131,-113.0779
12350,12930,3/20/2022 1:25,37.11378,-113.4371
12395,12975,7/14/2022 20:57,40.02127,-111.4867
12398,12978,5/28/2020 21:38,40.2622,-112.0922
12460,13040,8/29/2021 20:48,37.30008,-113.4347
12472,13052,3/7/2021 21:56,40.75994,-112.7766
12496,13076,8/23/2020 22:44,37.74418,-113.0403
12592,13172,5/21/2021 0:45,37.23854,-113.3582
12639,13219,4/26/2022 22:25,38.92496,-111.8967
12652,13232,7/1/2022 20:17,38.49953,-113.2785
12660,13240,8/22/2020 22:49,38.21151,-112.8235
12684,13264,7/17/2022 22:10,40.2152,-112.13
12800,13381,4/4/2021 17:46,40.40994,-110.3221
12861,13442,6/12/2020 10:30,40.0178,-112.7375
12920,13507,8/14/2021 19:19,40.7436,-111.6579
12984,13583,6/3/2020 23:34,41.65477,-113.1956
12988,13588,7/9/2022 20:34,40.42237,-112.3224
12989,13589,6/25/2020 22:24,38.76735,-113.0497
13152,13765,7/13/2020 23:26,40.731111,-109.091389
13164,13777,8/24/2020 0:52,38.70087,-113.2654
13206,13819,3/3/2021 19:33,37.16373,-113.5777
13210,13823,6/5/2021 19:27,37.32721,-112.218
13263,13876,4/4/2021 19:49,41.0238,-112.9041
13281,13894,9/13/2020 20:46,39.98665,-111.8103
13318,13931,7/12/2020 23:11,37.71026,-109.3858
13323,13936,8/13/2022 20:19,39.40752,-109.7735
13342,13955,6/5/2020 13:56,39.580196,-109.38893
13349,13962,6/4/2020 4:21,38.59772,-112.8858
13353,13966,7/9/2020 21:36,38.78542,-112.4391
13360,13973,9/10/2021 20:53,40.97781,-111.9414
13372,13985,8/9/2020 21:09,40.214167,-112.122333
13401,14014,7/14/2020 3:10,37.15992,-113.5697
13447,14060,6/3/2020 22:19,41.6819,-113.1556
13454,14067,7/29/2020 23:23,37.35178,-112.5656
13518,14140,3/30/2021 21:53,41.11226,-112.8517
13578,14208,7/31/2020 18:40,40.59484,-110.976
13634,14277,9/6/2020 19:48,39.9202,-111.7582
13640,14283,7/8/2022 20:13,38.9097,-112.338
13662,14305,6/18/2021 19:24,37.89574,-113.6605
13675,14318,6/4/2021 21:31,39.93048,-111.1983
13776,14419,6/26/2020 22:04,39.40905,-112.3165
13779,14422,8/25/2020 23:52,40.715333,-110.6765
13815,14458,6/8/2021 18:56,39.74694,-110.8676
13872,14515,6/9/2021 21:46,38.43273,-109.3413
13873,14516,8/21/2020 16:35,40.606364,-110.70892
13875,14518,9/27/2021 21:39,40.34605,-109.363367
13881,14525,7/20/2020 19:08,41.76225,-113.482
13935,14579,6/29/2020 3:00,40.18309,-111.9114
14079,14757,6/21/2020 21:39,38.62667,-109.5063
14081,14760,6/9/2020 20:47,38.42383,-109.429
14131,14823,5/17/2020 4:29,38.92571,-109.9801
14148,14842,4/14/2021 22:32,39.18983,-109.0998
14150,14844,8/11/2020 17:08,39.52572,-110.4248
14160,14860,10/16/2020 17:46,38.61,-109.5346
14180,14886,7/4/2020 21:26,39.10454,-109.1955
14189,14897,6/15/2020 21:56,40.11057,-111.8122
14193,14901,7/8/2020 21:52,37.28025,-109.539
14213,14932,6/27/2020 7:40,38.639467,-109.47835
14410,15259,5/9/2022 20:17,37.48333,-112.358
14664,15669,9/21/2020 18:18,40.81594,-112.0056
14665,15670,8/18/2020 19:57,41.77849,-112.6534
14991,16217,8/11/2022 22:45,40.437667,-109.1805
15216,16721,5/2/2023 17:53,40.27271,-111.7381
15501,17340,6/7/2023 19:17,38.68301,-109.532318
15658,17621,6/19/2023 0:11,37.08422,-113.31021
15713,17761,6/28/2023 19:37,40.46625,-109.619533
15718,17775,6/30/2023 0:03,40.69516,-112.286497
15792,17887,7/4/2023 20:29,40.72051,-112.654495
15809,17918,4/23/2023 22:29,40.21639,-109.97098
15932,18188,7/17/2023 21:04,40.63803,-112.2908
16163,18734,7/27/2023 13:17,40.337315,-112.572896
16703,19646,8/11/2023 22:37,40.750198,-112.698997
16887,19939,8/16/2023 20:31,40.375833,-109.805167
16940,20020,7/28/2023 20:28,38.186171,-113.783963
16941,20021,7/30/2023 21:13,38.0256,-112.835
16942,20022,7/15/2023 22:00,37.013682,-112.973785
16943,20023,7/31/2023 21:11,37.801333,-113.188333
16944,20024,7/22/2023 1:13,37.30933,-113.96937
16945,20025,7/21/2023 19:57,37.288835,-113.762999
16946,20026,7/29/2023 23:53,37.0714,-113.801
17461,20793,7/29/2023 19:03,37.1961,-112.987
17462,20794,6/5/2023 17:46,37.322167,-112.975167
17463,20795,5/31/2023 19:23,37.181207,-113.079535
17467,20801,5/26/2023 0:50,37.303,-113.0241
17563,20939,8/17/2023 20:27,37.183211,-113.128624
17565,20941,7/9/2023 16:54,38.470907,-112.612739
17623,21052,9/16/2023 19:44,40.524859,-112.305679
17747,21309,8/17/2023 21:51,40.9203,-111.6
17964,21627,5/9/2023 21:40,37.090263,-113.332476
17965,21628,8/1/2023 3:51,37.173188,-113.28269
17966,21629,6/19/2023 23:47,37.100697,-113.351269
17976,21641,9/30/2023 21:28,38.541905,-109.501517
18063,21784,8/16/2023 19:58,39.470833,-110.168333
18064,21785,8/7/2023 1:51,39.458,-110.105333
18075,21802,8/14/2023 22:21,37.18772,-112.548194
18079,21806,7/1/2023 23:28,37.117888,-113.581638
18080,21807,7/29/2023 20:33,37.640064,-113.261898
18134,21894,4/6/2023 17:30,39.35127,-111.0094
18580,22426,7/21/2023 21:49,40.0367,-113.984
18625,22498,8/3/2023 23:05,40.023408,-113.686523
18740,22714,7/17/2023 21:26,40.926583,-109.453556
18903,22969,7/28/2023 23:08,37.0339,-112.259
18994,23090,8/4/2023 23:11,39.314098,-111.903
19005,23103,8/5/2023 16:19,40.77605,-112.97275
19006,23104,7/24/2023 0:34,41.191036,-114.012788
19007,23105,6/17/2023 18:12,40.8383,-112.502
19008,23106,7/27/2023 20:00,41.021792,-114.002552
19009,23107,8/18/2023 19:52,40.7258,-113.207001
19011,23111,6/25/2023 16:21,40.8383,-112.502
19012,23112,7/13/2023 19:11,40.8383,-112.502
19017,23117,7/27/2023 21:26,40.062986,-112.033532
19019,23119,7/24/2023 22:19,40.0455,-112.807333
19020,23122,7/28/2023 0:22,38.7388,-113.942001
19039,23155,8/16/2023 2:35,39.561724,-111.736794
19078,23215,8/14/2023 23:07,40.303967,-109.124333
19079,23216,7/13/2023 10:37,40.205383,-109.262367
19080,23217,7/21/2023 20:18,39.527967,-109.380917
19081,23218,7/22/2023 21:40,39.568034,-109.271393
19082,23219,8/11/2023 23:07,40.363125,-109.075356
19083,23220,8/14/2023 23:07,40.291009,-109.13118
19084,23221,8/18/2023 0:30,40.214564,-109.057852
19086,23224,9/18/2023 22:44,39.045094,-109.052564
19087,23225,7/27/2023 21:35,38.5842,-112.408
19088,23226,9/14/2023 17:59,38.0261,-111.306
19089,23227,6/23/2023 19:40,38.97,-110.08
19090,23229,6/9/2023 4:35,39.110751,-109.191726
19091,23230,7/3/2023 15:49,38.56141,-109.55165
19092,23231,8/16/2023 21:31,39.4275,-110.160167
19094,23234,7/6/2023 2:48,38.478917,-109.427633
19096,23236,7/10/2023 18:55,39.064384,-109.249016
19097,23237,7/7/2023 14:32,38.961258,-109.377846
19098,23239,8/8/2023 21:02,37.849747,-109.276886
19099,23240,7/27/2023 23:03,38.060233,-109.247367
19451,23688,7/1/2023 20:14,39.124279,-109.168381
19573,23812,1/18/2024 21:05,38.7633,-111.989
19611,23855,9/19/2023 15:39,39.008833,-111.344167
19617,23865,6/20/2023 17:52,39.193814,-109.051291
20477,25088,6/17/2021 2:46,37.3853,-113.2506
21665,27133,6/6/2024 23:48,40.038,-112.787
21719,27240,6/13/2024 16:21,40.581221,-112.478027
21721,27248,6/13/2024 20:00,38.186027,-112.473681
21734,27277,6/15/2024 22:00,41.261004,-111.696067
21737,27281,6/16/2024 1:55,41.242262,-112.035134
21741,27310,6/6/2024 21:07,41.171431,-112.968573
21750,27340,6/11/2024 21:01,41.050433,-112.858083
21763,27368,6/18/2024 18:25,41.268017,-112.085083
21771,27416,6/21/2024 21:41,40.439852,-112.368937
21773,27430,6/12/2024 21:14,40.31695,-112.436133
21778,27446,6/23/2024 1:53,38.9131,-112.496
21791,27477,4/22/2024 16:18,38.234812,-112.491335
21808,27528,6/22/2024 17:16,38.9056,-111.472
21821,27554,6/18/2024 17:05,41.2544,-111.841
21844,27606,6/25/2024 23:49,41.236911,-112.013426
21868,27653,6/7/2024 19:37,40.400444,-112.013346
21914,28806,6/29/2024 2:21,37.179079,-113.377239
21959,28913,6/30/2024 2:58,37.200561,-113.624524
21987,28984,7/4/2024 20:55,40.565599,-112.306152
22011,29039,7/3/2024 19:55,40.743422,-112.637661
22020,29050,6/30/2024 12:50,39.337393,-112.470653
22023,29055,7/5/2024 23:55,40.387299,-112.386002
22025,29058,7/6/2024 5:08,40.5078,-112.266683
22036,29095,7/6/2024 21:11,40.17866,-111.932831
22037,29099,7/7/2024 15:23,40.697899,-112.260002
22076,29180,7/8/2024 21:31,40.3286,-111.682
22117,29254,6/26/2024 19:58,40.50113,-109.79482
22118,29255,6/17/2024 21:55,40.49295,-110.079514
22124,29271,7/11/2024 2:31,40.600317,-112.369194
22125,29272,7/10/2024 22:58,40.662102,-112.337997
22166,29364,4/2/2024 17:56,40.618401,-111.124845
22190,29492,7/15/2024 21:42,41.433037,-113.181386
22229,29666,7/18/2024 19:43,40.513033,-112.29775
22251,29737,7/20/2024 22:26,40.794385,-111.890653
22255,29756,7/5/2024 21:06,39.283889,-112.532546
22269,29782,7/20/2024 16:28,40.814524,-112.5
22293,29817,7/6/2024 2:30,40.160243,-112.005443
22374,30034,7/24/2024 22:13,40.977898,-111.441316
22420,30149,7/26/2024 22:25,40.477133,-110.215917
22532,30412,6/21/2024 16:51,39.366699,-111.93
22534,30415,5/14/2024 20:59,37.4047,-112.896
22535,30416,6/28/2024 1:45,37.215429,-112.366791
22582,30510,8/4/2024 0:01,40.442101,-112.367996
22600,30567,6/29/2024 17:53,41.137652,-111.994629
22602,30575,6/12/2024 19:35,41.134167,-112.891
22632,30675,8/7/2024 19:01,40.4528,-112.36
22640,30697,7/20/2024 19:57,37.574719,-112.467728
22641,30698,7/27/2024 0:26,38.09473,-113.077404
22661,30737,8/7/2024 23:02,40.308159,-111.923561
22666,30749,8/8/2024 22:40,40.638,-112.296
22667,30754,8/8/2024 19:55,41.682604,-113.974314
22669,30759,8/9/2024 3:48,40.675972,-112.255244
22670,30760,8/9/2024 5:07,40.455002,-112.360001
22683,30790,8/9/2024 20:42,41.6306,-113.45
22701,30840,8/11/2024 20:21,40.6898,-112.2628
22742,30965,8/13/2024 16:20,40.685299,-112.447998
22834,31133,8/16/2024 19:54,40.761101,-113.005997
22941,31331,7/31/2024 21:29,41.103051,-112.8705
22959,31364,8/20/2024 23:09,40.561277,-112.296395
23108,31622,7/23/2024 19:10,40.858965,-112.178736
23109,31623,7/25/2024 3:33,41.9642,-111.557
23124,31642,7/3/2024 20:12,40.125617,-111.639017
23170,31705,8/30/2024 18:07,40.7589,-112.774002
23176,31746,9/2/2024 22:40,37.128739,-113.171184
23230,31848,4/10/2024 21:49,40.170567,-109.575067
23234,31854,4/3/2024 16:30,41.507717,-112.069917
23235,31855,3/19/2024 15:37,39.86385,-113.367817
23357,32094,7/20/2024 19:53,37.34198,-113.686523
23358,32095,7/26/2024 19:57,38.360245,-112.870335
23359,32096,6/21/2024 22:34,37.303229,-113.297787
23360,32097,7/23/2024 20:27,37.597629,-113.597033
23453,32310,9/12/2024 1:03,41.7961,-112.444
23494,32412,8/7/2024 23:35,40.974788,-109.710954
23502,32421,3/20/2024 21:04,40.363475,-110.02696
23504,32423,3/22/2024 21:10,40.403056,-110.2475
23505,32424,4/13/2024 19:54,40.4072,-110.2394
23506,32425,3/8/2024 20:06,40.433246,-110.027257
23514,32433,4/13/2024 21:16,40.456667,-110.820278
23515,32434,7/26/2024 13:57,39.99735,-110.599217
23518,32437,7/31/2024 19:57,40.9606,-111.814
23519,32438,6/5/2024 18:39,40.415898,-111.475525
23521,32440,7/29/2024 16:35,40.634499,-111.364998
23524,32443,7/28/2024 21:02,40.791654,-111.241379
23536,32473,4/29/2024 21:40,37.29455,-113.41794
23537,32474,8/10/2024 21:06,37.265998,-113.301468
23637,32643,9/22/2024 19:00,40.83404,-112.74245
23643,32653,6/23/2024 22:26,40.309,-109.449
23645,32655,7/4/2024 16:12,40.303056,-109.796944
23646,32656,7/17/2024 16:25,40.464167,-109.85
23647,32657,7/20/2024 18:10,40.387983,-109.437567
23650,32662,9/17/2024 18:49,40.847839,-110.925179
23653,32665,2/26/2024 22:38,40.50625,-109.590861
23655,32667,3/23/2024 13:13,40.3568,-109.499817
23688,32732,7/26/2024 19:41,37.549864,-112.513844
23704,32748,8/6/2024 22:10,40.49602,-111.64903
23706,32750,8/26/2024 17:47,38.50729,-109.10622
23726,32771,7/4/2024 22:54,39.463963,-110.348911
23728,32774,7/4/2024 5:17,38.572205,-109.574332
23729,32775,5/13/2024 0:59,38.970803,-109.70976
23730,32776,5/12/2024 23:26,38.970708,-109.709092
23731,32777,5/13/2024 0:59,38.970905,-109.712477
23801,32895,9/25/2024 22:56,40.302,-109.8805
23802,32902,9/23/2024 16:17,39.99258,-112.1281
23866,33019,8/7/2024 3:46,37.011311,-112.422245
23905,33066,9/11/2024 19:11,41.321332,-112.459488
23940,33124,10/5/2024 18:14,40.595526,-112.263764
23946,33149,8/29/2024 21:00,41.668667,-112.305333
23947,33151,9/27/2024 1:01,37.07432,-113.80082
23948,33152,9/30/2024 20:36,41.35948,-111.877809
24038,33306,9/25/2024 19:24,40.496217,-110.77917
24308,33720,7/27/2024 22:18,38.568712,-112.293618
24464,33977,9/25/2024 21:26,41.811971,-111.389952
24467,33980,9/16/2024 0:31,41.2792,-111.921
24471,33992,8/21/2024 18:36,37.975488,-112.724876
24614,34214,6/28/2024 22:06,39.2045,-112.210667
24688,34309,7/16/2024 21:32,37.075322,-111.76394
24692,34313,7/25/2024 18:43,38.396911,-113.010789
24704,34330,7/5/2024 19:11,38.4814,-112.37
24798,34466,8/4/2023 23:55,38.195561,-112.456741
25286,35092,4/30/2024 23:09,39.124638,-109.168907
25287,35093,8/28/2024 21:18,39.192165,-109.074583
25288,35094,7/1/2024 22:35,40.564617,-109.464133
25290,35096,6/1/2024 19:38,38.68244,-109.426746
25291,35097,6/13/2024 21:55,38.481525,-109.436335
25292,35098,6/7/2024 20:31,39.446147,-110.378128
25293,35099,6/5/2024 5:29,39.004559,-109.314307
25294,35100,6/7/2024 19:53,39.4938,-110.845785
25295,35101,7/21/2024 5:51,40.363867,-109.324017
25297,35103,8/30/2024 21:37,39.794717,-109.206467
25298,35104,7/27/2024 22:17,39.634,-109.44255
25299,35105,5/24/2024 20:08,38.624431,-109.35173
25300,35106,7/5/2024 22:15,39.312884,-110.082321
25301,35107,6/10/2024 3:42,38.962082,-109.724918
25305,35112,8/6/2024 19:16,39.052698,-110.036489
25307,35114,9/16/2024 20:56,39.233833,-109.064667
25308,35115,7/28/2024 22:30,39.342862,-109.117218
25309,35116,2/7/2024 18:52,39.267286,-109.056196
25312,35119,7/7/2024 20:08,38.941811,-109.586273
25313,35120,8/11/2024 2:01,38.979463,-109.13843
25314,35121,8/22/2024 4:10,39.113533,-109.142296
25315,35122,7/9/2024 20:23,38.7547,-109.335
25316,35123,6/28/2024 20:21,38.994304,-109.341378
25317,35124,8/27/2024 20:31,39.003,-109.247
25496,35352,6/11/2024 16:11,38.578899,-112.283997
25674,35562,8/24/2024 20:17,37.418079,-113.150078
25675,35563,7/20/2022 22:32,37.5242,-112.8902
25677,35565,7/24/2024 21:03,37.34404,-113.09743
25751,35661,8/12/2024 13:39,41.183176,-111.395874
25762,35687,8/11/2024 18:46,38.00065,-113.117667
25766,35691,7/7/2024 19:02,37.3036,-112.2991
25870,35815,7/23/2024 21:53,41.875833,-113.641
25871,35816,9/5/2024 18:55,41.967583,-113.506472
25968,35931,10/26/2024 21:31,40.811569,-112.818818
25969,35932,5/10/2024 17:57,40.3229,-112.902
25970,35933,6/13/2024 6:21,40.727117,-113.2305
25971,35934,6/15/2024 19:14,40.703884,-112.681918
25972,35935,6/2/2024 22:12,40.870527,-112.535362
25973,35936,6/27/2024 23:44,40.7463,-113.059998
25974,35937,7/3/2024 1:25,40.787192,-112.509835
25975,35938,7/3/2024 1:10,40.741299,-113.078003
25976,35939,7/3/2024 0:26,40.774139,-112.5103
25977,35940,7/5/2024 18:00,40.761467,-113.969617
25978,35941,7/6/2024 22:19,40.327015,-111.945877
25979,35942,7/5/2024 19:48,40.2366,-111.893997
25980,35943,7/6/2024 4:41,40.847937,-112.916451
26061,36047,7/30/2024 21:47,38.355304,-112.576733
26062,36048,7/5/2024 21:14,37.345195,-113.990238
26256,36257,8/21/2024 23:04,39.147153,-109.073296
26321,36325,7/2/2024 17:17,38.942333,-109.815087
26325,36329,5/16/2024 19:35,39.36264,-109.122798
26335,36339,8/6/2024 18:33,41.3538,-111.299744
26336,36340,9/11/2024 21:57,39.9669,-112.252998
26337,36341,8/6/2024 22:27,40.3114,-111.923
26382,36387,7/13/2024 18:33,40.877667,-109.436694
26388,36393,7/18/2024 22:59,40.8367,-112.799133
26395,36401,8/24/2024 1:38,40.86697,-111.83246
26396,36402,9/11/2024 3:33,40.9606,-111.814
26397,36403,10/31/2024 1:30,40.981867,-111.79785
26399,36405,8/24/2024 19:30,40.87098,-111.75234
26400,36406,10/27/2024 10:12,40.619783,-111.770217
26402,36408,9/11/2024 18:06,40.54264,-112.50573
26403,36409,10/30/2024 17:42,40.433467,-111.635917
26437,36446,1/5/2025 20:59,40.227976,-109.98002
26469,36483,7/31/2024 0:10,41.469167,-112.054667
26493,36509,9/14/2024 17:34,40.94,-110.667
26563,36581,9/28/2024 21:27,40.470033,-111.052208
26617,36641,10/19/2024 19:54,40.721486,-112.649796
26618,36642,9/7/2024 19:17,41.5086,-113.661
26619,36643,9/1/2024 20:46,40.7561,-113.024002
26621,36645,7/26/2024 17:55,40.8158,-112.917
26622,36646,7/29/2024 20:48,40.725601,-113.188004
26625,36651,9/16/2024 0:43,40.801102,-112.851997
26626,36652,9/8/2024 18:47,40.8383,-112.502
26627,36653,10/13/2024 20:25,40.0889,-111.821
26650,36681,6/24/2024 2:13,40.80205,-112.531586
26652,36683,6/15/2024 19:26,40.778819,-112.558022
26658,36689,8/10/2024 18:16,40.7032,-112.65155
26661,36692,10/3/2024 21:43,40.2327,-112.193001
26662,36693,10/13/2024 20:06,39.6942,-112.51
26714,36760,7/10/2024 23:29,37.612039,-113.692503
26715,36761,6/19/2024 23:04,37.203941,-113.202434
26716,36762,7/28/2024 22:57,37.773183,-112.998762
26717,36763,6/13/2024 21:49,37.101175,-112.365926
26718,36764,7/3/2024 19:44,37.163741,-113.64348
26719,36765,6/7/2024 20:33,37.160842,-113.032451
26720,36766,7/5/2024 4:30,37.141172,-113.403978
26721,36767,5/21/2024 19:25,37.095743,-113.308887
26722,36768,8/15/2024 22:55,37.324966,-112.802837
26723,36769,7/27/2024 22:44,37.213878,-113.178363
26724,36770,7/14/2024 21:24,37.265686,-113.322601
26727,36773,7/7/2024 7:11,37.084189,-113.310183
26729,36775,7/13/2024 4:00,37.608843,-113.095665
26730,36776,6/3/2024 19:33,37.038393,-112.307053
26731,36777,8/18/2024 20:17,37.145746,-113.410668
26733,36779,8/25/2024 2:09,37.2533,-113.284
26734,36780,6/30/2024 21:55,37.41792,-113.62117
26742,36789,1/22/2025 21:00,41.66895,-111.918333
26790,36843,7/5/2024 21:43,37.667177,-109.929199
26800,36858,10/13/2024 14:52,37.80883,-109.43812
26810,36868,1/22/2025 19:46,40.387,-109.49875
27061,37178,1/22/2025 17:27,40.372,-110.3638
27074,37196,2/27/2025 20:49,40.228966,-109.978174
27363,37634,3/4/2025 18:18,40.3566,-109.9708
27369,37643,3/13/2025 0:53,40.417121,-109.88019
27516,37834,7/4/2024 18:20,37.69945,-113.115661
27853,38287,4/3/2025 18:33,40.403374,-110.270925
28335,38959,4/22/2025 21:09,40.33599,-110.69479
28390,39037,3/1/2025 19:23,40.3463,-110.27134
28391,39038,4/4/2025 1:00,41.826667,-112.140333
28392,39039,4/22/2025 20:02,40.322,-109.8924
28393,39040,4/21/2025 21:57,41.703,-112.338333
28395,39043,4/9/2025 15:34,41.913667,-112.0153
28515,39205,4/7/2025 18:18,41.800348,-112.000635
28624,39341,4/7/2025 23:30,37.898791,-113.654251
28626,39343,2/26/2025 20:05,37.127194,-113.251889
28816,39571,4/28/2025 4:21,38.934235,-109.420113
28817,39572,4/26/2025 0:37,41.308667,-112.142133
29069,39889,5/18/2025 20:19,40.38925,-109.499183
29159,40007,5/12/2025 22:11,41.045024,-111.725561
29239,40107,5/22/2025 21:35,40.295962,-112.401652
29251,40120,5/24/2025 21:47,40.80534,-112.522176
29429,40392,5/26/2025 17:48,40.181389,-109.921111
29430,40393,5/31/2025 19:31,40.298,-109.9984
29432,40396,5/27/2025 1:10,40.542154,-112.506318
29546,40555,6/5/2025 23:36,40.826943,-112.805001
29547,40556,6/3/2025 17:56,40.49937,-112.334493
29567,40586,6/9/2025 17:55,40.8383,-112.502
29568,40587,6/9/2025 20:56,40.564945,-112.256612
29581,40604,6/9/2025 21:54,39.536933,-109.256317
29586,40614,6/10/2025 19:43,40.302027,-109.878387
29618,40672,6/11/2025 22:05,37.613333,-112.313333
29619,40675,6/13/2025 23:58,40.8383,-112.502
29626,40688,6/14/2025 21:54,40.766701,-111.766679
29629,40693,6/15/2025 17:28,41.182499,-112.014
29631,40695,6/12/2025 13:37,40.746423,-112.653637
29632,40696,6/14/2025 17:16,40.261493,-109.495167
29635,40701,6/15/2025 22:04,40.17572,-111.95314
29636,40702,6/15/2025 18:42,40.7288,-112.644933
29637,40705,6/15/2025 21:21,39.56435,-109.388167
29638,40708,6/15/2025 19:46,40.521825,-111.787949
29640,40711,6/13/2025 23:07,40.6343,-112.5432
29710,40809,6/10/2025 21:50,40.097099,-111.959
29744,40869,6/19/2025 15:05,40.722842,-112.225385
29747,40876,6/19/2025 16:18,40.534982,-112.314481
29781,40940,6/19/2025 23:28,38.31275,-112.642361
29790,40970,6/21/2025 3:32,40.801102,-112.851997
29791,40971,6/18/2025 1:27,40.752915,-113.039338
29792,40972,6/20/2025 19:47,40.700538,-111.794561
29798,40986,6/21/2025 17:24,40.039273,-111.803838
29799,40987,6/21/2025 18:30,40.460994,-111.961237
29800,40988,6/19/2025 18:35,40.530533,-111.904467
29816,41041,6/21/2025 21:05,40.423733,-112.333381
29820,41047,6/20/2025 22:28,40.726299,-112.218002
29855,41093,6/23/2025 21:11,40.612722,-112.304392
29856,41094,6/23/2025 18:14,40.68572,-111.900005
29857,41095,6/24/2025 2:40,40.571,-112.11
29858,41097,6/20/2025 21:55,40.685299,-112.447998
29859,41099,6/17/2025 14:11,39.614111,-109.403315
29860,41100,6/23/2025 21:59,40.788259,-112.511158
29862,41103,6/17/2025 0:14,39.865865,-111.991174
29863,41104,6/23/2025 21:15,40.7245,-111.855067
29911,41168,6/25/2025 0:15,41.801167,-112.040667
29923,41192,6/26/2025 0:05,40.420432,-111.747005
29932,41206,6/26/2025 3:38,40.726101,-113.225998
29933,41207,6/25/2025 23:35,40.670884,-112.259054
29962,41251,6/27/2025 19:56,40.910594,-112.510986
29964,41256,6/27/2025 21:52,40.75144,-111.949885
29965,41259,6/27/2025 21:20,40.694233,-111.968783
29967,41264,6/26/2025 18:09,41.270596,-112.082663
29971,41270,6/28/2025 16:54,40.832824,-109.060249
29972,41271,6/28/2025 23:43,40.807751,-111.923904
29976,41284,6/29/2025 13:46,40.733506,-111.903639
29977,41285,6/29/2025 15:30,40.687217,-111.9095
29978,41286,6/29/2025 7:45,40.6517,-112.004117
29979,41287,6/29/2025 17:20,40.683617,-111.897323
29980,41288,6/29/2025 7:30,40.6997,-111.926424
29985,41295,6/29/2025 22:37,40.734348,-112.183113
29986,41296,6/29/2025 20:40,40.7613,-111.854617
29993,41314,6/29/2025 14:06,40.595,-112.275283
29994,41315,6/28/2025 17:46,40.665417,-112.035233
29997,41320,6/30/2025 11:44,40.763017,-111.903983
30004,41333,6/30/2025 21:20,40.7628,-111.9127
30005,41334,6/30/2025 21:25,40.762824,-111.913015
30024,41360,7/1/2025 6:30,40.586767,-111.8286
30032,41371,6/30/2025 20:13,40.78615,-111.8733
30043,41387,7/1/2025 21:25,40.409934,-109.763374
30081,41484,7/3/2025 20:58,39.5111,-112.064
30088,41494,7/4/2025 16:52,40.8383,-112.502
30089,41495,7/4/2025 19:48,40.789017,-112.5254
30091,41507,7/4/2025 22:00,40.436193,-112.424123
30129,41574,7/6/2025 6:30,41.248312,-111.93576
30160,41619,7/7/2025 0:25,40.02315,-111.8301
30161,41621,7/5/2025 21:38,40.348334,-110.724378
30162,41622,7/2/2025 18:00,40.726299,-112.218002
30163,41623,7/2/2025 22:21,40.792061,-111.887483
30164,41624,7/3/2025 6:45,40.072817,-112.357178
30165,41625,7/5/2025 21:30,40.711012,-109.209766
30189,41665,7/7/2025 20:11,40.8383,-112.502
30193,41672,7/7/2025 18:02,40.734493,-109.113121
30211,41702,7/7/2025 23:27,40.185455,-111.16044
30260,41777,7/8/2025 19:42,40.716801,-112.133003
30272,41790,7/10/2025 2:56,40.621782,-112.509459
30273,41791,7/10/2025 0:16,40.354792,-111.979296
30274,41793,7/4/2025 23:59,41.028785,-111.998062
30295,41829,7/10/2025 22:04,40.14376,-111.80738
30303,41838,7/10/2025 19:41,38.35247,-109.17423
30344,41901,7/12/2025 1:11,40.202967,-112.17455
30353,41912,7/10/2025 0:49,40.5756,-111.210999
30354,41914,7/13/2025 13:07,40.618853,-111.778412
30355,41915,7/11/2025 22:18,38.86832,-109.809873
30356,41916,7/11/2025 13:36,40.7243,-112.208317
30387,41956,7/13/2025 20:30,39.452892,-110.861931
30389,41965,7/13/2025 20:22,38.5361,-112.073
30418,42007,7/14/2025 20:09,39.263199,-111.866997
30443,42041,7/15/2025 14:32,38.937897,-109.4935
30451,42057,7/16/2025 1:14,38.854534,-109.803185
30452,42060,7/15/2025 22:32,38.71,-111.949
30499,42134,6/26/2025 17:46,40.078557,-111.607105
30515,42158,7/16/2025 22:37,37.186643,-112.455552
30595,42280,7/17/2025 22:29,41.0575,-113.967
30623,42326,7/18/2025 16:47,40.242241,-111.882877
30643,42356,7/18/2025 17:31,41.765833,-114.0035
30655,42373,7/18/2025 23:59,41.555545,-112.223969
30673,42406,7/20/2025 19:40,40.724152,-112.209598
30717,42472,7/24/2025 9:30,40.822399,-112.900002
30734,42493,6/22/2025 9:45,40.391867,-111.577117
30739,42499,7/25/2025 13:58,40.60845,-112.303283
30740,42500,7/19/2025 20:51,40.430099,-112.378998
30741,42503,7/17/2025 19:56,38.784958,-112.102776
30742,42504,7/17/2025 22:25,39.452883,-109.371917
30743,42505,7/18/2025 6:30,40.605833,-112.256533
30760,42523,7/14/2025 18:30,41.13153,-112.89532
30766,42529,6/18/2025 18:00,41.136167,-112.892167
30809,42575,7/25/2025 18:40,40.7756,-112.805
30820,42589,7/25/2025 19:04,39.164501,-112.219002
30848,42642,7/26/2025 0:30,40.726033,-112.201617
30849,42643,7/23/2025 23:07,39.222346,-112.033768
30850,42644,7/27/2025 19:59,40.736628,-112.644431
30851,42645,7/27/2025 19:35,40.384467,-109.477816
30852,42646,7/27/2025 18:44,40.150985,-112.3125
30854,42648,7/28/2025 2:56,40.707996,-112.600518
30901,42719,7/29/2025 22:21,41.822601,-112.420998
30923,42749,7/26/2025 20:46,41.228901,-111.084999
30941,42790,7/30/2025 20:22,40.729743,-113.158064
30971,42827,7/31/2025 21:31,41.9608,-113.541
31072,42982,8/1/2025 20:03,41.1243,-111.707283
31073,42984,8/3/2025 22:18,40.739762,-112.641792
31167,43118,8/7/2025 3:38,40.036636,-111.817345
31189,43146,8/5/2025 19:56,40.502934,-109.866371
31201,43158,8/7/2025 14:24,40.874558,-110.747763
31217,43176,7/19/2025 18:15,40.874333,-109.272067
31218,43179,7/19/2025 19:05,40.874333,-109.272067
31226,43193,8/9/2025 18:35,40.707547,-112.687454
31290,43286,8/11/2025 19:32,41.8883,-113.522
31291,43287,8/11/2025 17:48,40.3368,-112.428001
31344,43361,8/13/2025 20:24,41.323509,-111.947571
31408,43454,8/15/2025 12:52,40.430883,-111.271333
31424,43475,8/4/2025 12:13,40.49085,-111.63608
31448,43502,8/17/2025 17:45,41.270249,-111.667249
31474,43533,8/17/2025 23:01,40.17525,-111.579208
31630,43740,8/20/2025 21:29,38.953867,-109.702783
31631,43742,8/20/2025 23:37,40.212731,-110.839605
31639,43752,8/18/2025 22:15,40.644798,-112.066002
31642,43755,8/21/2025 22:09,40.822399,-112.900002
31643,43756,8/21/2025 15:10,41.233333,-112.45
31644,43757,8/21/2025 22:13,38.63161,-109.49076
31648,43762,8/21/2025 12:50,41.68225,-111.057583
31713,43865,8/23/2025 5:16,40.091913,-111.586148
31716,43874,8/23/2025 20:38,38.751774,-112.568665
31746,43916,8/23/2025 5:33,40.551967,-112.316667
31748,43918,8/23/2025 22:45,37.422035,-113.221617
31749,43919,8/23/2025 23:10,41.045101,-111.308998
31750,43920,8/22/2025 19:35,40.610727,-109.280401
31767,43941,8/21/2025 0:59,40.37151,-111.39948
31778,43953,8/8/2025 17:05,38.5746,-112.602997
31779,43954,7/28/2025 17:25,38.5746,-112.602997
31780,43955,7/9/2025 20:56,39.1768,-112.075996
31781,43956,6/20/2025 23:07,39.464901,-112.43
31782,43958,7/15/2025 0:41,39.000876,-111.857986
31784,43960,4/24/2025 19:21,38.647148,-112.166635
31786,43962,6/17/2025 23:09,37.7032,-109.271178
31791,43968,5/21/2025 21:45,39.61445,-110.84646
31792,43969,6/22/2025 0:29,39.066381,-111.066456
31873,44062,8/19/2025 18:30,40.934654,-113.177032
31876,44065,8/16/2025 18:36,38.191008,-112.402753
31877,44067,8/13/2025 23:22,40.127083,-113.269117
31896,44090,6/15/2025 21:47,37.62523,-109.49375
31897,44091,7/30/2025 0:30,38.933655,-109.419899
31967,44167,8/2/2025 0:17,37.924484,-112.003012
31968,44168,7/22/2025 22:43,37.789047,-113.654226
31970,44170,8/7/2025 18:25,37.713624,-113.060166
32009,45225,9/1/2025 23:15,39.9972,-111.421997
32010,45226,8/30/2025 21:26,40.8405,-112.714
32011,45227,8/31/2025 22:59,40.697899,-112.260002
32012,45228,8/30/2025 0:49,41.1514,-113.5886
32212,45466,9/4/2025 21:50,40.229466,-112.740068
32213,45467,9/4/2025 20:28,38.906714,-112.512875
32214,45470,7/22/2025 21:54,41.840112,-111.589103
32215,45471,8/8/2025 1:19,41.4292,-111.965
32226,45483,9/4/2025 22:41,39.998833,-112.625
32232,45489,9/4/2025 20:37,38.7417,-112.77
32252,45510,9/5/2025 17:15,40.202944,-112.094943
32290,45556,9/3/2025 18:42,40.161386,-110.703993
32291,45557,9/7/2025 17:24,40.5812,-112.400002
32292,45558,9/7/2025 22:13,40.6019,-112.572
32296,45562,7/26/2025 21:54,39.529511,-110.762331
32376,45656,9/8/2025 21:31,40.7014,-112.247
32378,45658,8/17/2025 23:27,37.192784,-113.2687
32429,45713,9/9/2025 18:05,39.052833,-109.112333
32474,45772,9/11/2025 2:08,40.8022,-112.741633
32557,45874,9/13/2025 1:34,41.19286,-113.31598
32558,45875,9/10/2025 17:15,40.505082,-111.737425
32559,45876,9/9/2025 22:14,40.715,-111.784
32560,45877,9/12/2025 17:43,37.92784,-110.84165
32561,45878,9/13/2025 22:45,40.556331,-112.296864
32753,46092,9/13/2025 20:20,41.077499,-111.723
32844,46191,9/21/2025 16:35,41.781026,-112.001929
33117,46491,9/28/2025 0:53,39.9344,-111.832066
33118,46492,9/26/2025 19:35,40.677799,-112.411003
33119,46493,9/23/2025 3:25,39.206565,-112.400393
33120,46494,9/27/2025 17:54,41.652,-112.0645
33121,46495,9/27/2025 22:14,40.743315,-112.653637
33122,46496,9/26/2025 20:16,40.8181,-112.883003
33123,46497,9/23/2025 21:16,37.781583,-109.61105
33124,46498,9/22/2025 21:58,40.691502,-112.464996
33126,46500,9/28/2025 21:24,39.148234,-109.14953
33230,46608,9/30/2025 10:38,40.77486,-111.825714
33339,46728,8/1/2025 20:43,37.177833,-112.505333
33340,46729,7/19/2025 1:09,38.2906,-112.601
33341,46730,7/17/2025 22:42,37.322556,-113.26509
33342,46731,7/11/2025 20:07,38.124049,-112.635527
33346,46737,10/2/2025 21:52,40.237912,-111.461062
33348,46739,6/2/2025 20:36,38.14191,-112.30724
33363,46755,9/25/2025 23:00,37.370191,-113.304126
33429,46822,5/30/2025 21:52,40.534323,-110.873546
33430,46823,6/7/2025 21:30,39.93374,-110.7235
33460,46854,10/4/2025 21:27,39.06449,-109.102222
