station_url,latitude,longitude
https://api.weather.gov/stations/UTMVY,37.0043,-110.1734
https://api.weather.gov/stations/G5514,37.0375,-112.52467
https://api.weather.gov/stations/UTGWT,37.07223,-112.17335
https://api.weather.gov/stations/PC567,37.08596,-111.7059
https://api.weather.gov/stations/PC565,37.09156,-114.02721
https://api.weather.gov/stations/F6234,37.132,-112.39317
https://api.weather.gov/stations/BFFU1,37.15056,-109.86667
https://api.weather.gov/stations/MHTU1,37.25068,-109.98768
https://api.weather.gov/stations/PC479,37.26389,-113.87944
https://api.weather.gov/stations/BSBU1,37.37139,-113.47056
https://api.weather.gov/stations/PC594,37.4411,-109.21604
https://api.weather.gov/stations/BLGU1,37.51444,-110.73194
https://api.weather.gov/stations/BNBU1,37.60096,-109.98859
https://api.weather.gov/stations/UTPPV,37.6405,-111.8446
https://api.weather.gov/stations/UTELL,37.7519,-110.6545
https://api.weather.gov/stations/ESCU1,37.77806,-111.57389
https://api.weather.gov/stations/PC564,37.79358,-113.4463
https://api.weather.gov/stations/MPEU1,37.97793,-110.7933
https://api.weather.gov/stations/UTR20,38.03036,-112.53073
https://api.weather.gov/stations/JCRU1,38.07119,-112.16768
https://api.weather.gov/stations/USVU1,38.31294,-109.8539
https://api.weather.gov/stations/KHVE,38.418037,-110.704038
https://api.weather.gov/stations/PC617,38.47462,-113.23747
https://api.weather.gov/stations/UCL05,38.49966,-113.57641
https://api.weather.gov/stations/MFDU1,38.59426,-113.75114
https://api.weather.gov/stations/KCNY,38.76,-109.74472
https://api.weather.gov/stations/UP094,38.77378,-112.91294
https://api.weather.gov/stations/GHO,38.8658,-110.8061
https://api.weather.gov/stations/RTB,38.90375,-110.56202
https://api.weather.gov/stations/UR323,38.96729,-109.7498
https://api.weather.gov/stations/UP153,39.01473,-112.78123
https://api.weather.gov/stations/KCWU1,39.07439,-113.63897
https://api.weather.gov/stations/UTPR2,39.1497,-113.0692
https://api.weather.gov/stations/UTHAD,39.1664,-109.1359
https://api.weather.gov/stations/PC151,39.17127,-110.61875
https://api.weather.gov/stations/EWCU1,39.31213,-109.53179
https://api.weather.gov/stations/PC538,39.33718,-111.45287
https://api.weather.gov/stations/UP201,39.71035,-112.21334
https://api.weather.gov/stations/NUTU1,39.80806,-110.25694
https://api.weather.gov/stations/DPG19,39.90445,-113.34412
https://api.weather.gov/stations/DPG21,39.91933,-112.93905
https://api.weather.gov/stations/DPG20,39.94554,-113.70153
https://api.weather.gov/stations/UB1UT,39.972327,-109.538305
https://api.weather.gov/stations/WATU1,39.97889,-109.17806
https://api.weather.gov/stations/DPG18,40.11649,-113.53336
https://api.weather.gov/stations/DPG26,40.28214,-113.70023
https://api.weather.gov/stations/UTMTH,40.358,-110.3876
https://api.weather.gov/stations/UCC34,40.37263,-110.20924
https://api.weather.gov/stations/HANU1,40.40056,-110.75861
https://api.weather.gov/stations/JESU1,40.40944,-109.23472
https://api.weather.gov/stations/DPG24,40.45272,-113.47237
https://api.weather.gov/stations/UTKNO,40.7269,-113.2803
https://api.weather.gov/stations/HIRU1,40.92167,-110.18623
https://api.weather.gov/stations/KU16,41.06064,-113.07148
https://api.weather.gov/stations/LMR,41.06084,-112.89173
https://api.weather.gov/stations/HATUT,41.07073,-112.58621
https://api.weather.gov/stations/UP068,41.22321,-112.66532
https://api.weather.gov/stations/GNI,41.33216,-112.85432
https://api.weather.gov/stations/BHAU1,41.61639,-112.54667
https://api.weather.gov/stations/LMS,41.701,-112.86181
https://api.weather.gov/stations/C8846,41.81583,-113.33333
https://api.weather.gov/stations/UTCUR,41.9379,-113.0858
https://api.weather.gov/stations/UCC01,41.98385,-112.91203
https://api.weather.gov/stations/PC095,37.10089,-113.8239
https://api.weather.gov/stations/ZNP,37.2339,-112.8741
https://api.weather.gov/stations/G4073,37.274,-112.639
https://api.weather.gov/stations/LGCU1,37.48631,-113.84582
https://api.weather.gov/stations/TRPU1,37.51741,-111.97743
https://api.weather.gov/stations/AGUU1,37.52217,-112.27118
https://api.weather.gov/stations/PC180,37.63641,-109.4579
https://api.weather.gov/stations/UTRCS,37.7205,-112.2629
https://api.weather.gov/stations/KU55,37.85,-112.39
https://api.weather.gov/stations/UP242,37.86436,-113.7595
https://api.weather.gov/stations/UTBLD,38.0432,-111.3269
https://api.weather.gov/stations/UTMVP,38.0737,-112.9598
https://api.weather.gov/stations/MNMUT,38.17351,-111.24012
https://api.weather.gov/stations/PC331,38.22091,-112.81569
https://api.weather.gov/stations/UP231,38.26711,-113.11429
https://api.weather.gov/stations/UTLSD,38.3426,-109.20875
https://api.weather.gov/stations/UCC35,38.37399,-111.63158
https://api.weather.gov/stations/UTHGP,38.58288,-111.47778
https://api.weather.gov/stations/FRE,38.778594,-111.316645
https://api.weather.gov/stations/DOLU1,38.79722,-109.19444
https://api.weather.gov/stations/SRXU1,38.8583,-110.3694
https://api.weather.gov/stations/MDXU1,38.98194,-111.24861
https://api.weather.gov/stations/PC097,39.02798,-111.83035
https://api.weather.gov/stations/UCL20,39.07541,-111.15422
https://api.weather.gov/stations/JVDU1,39.27389,-111.265
https://api.weather.gov/stations/UP137,39.28908,-112.63191
https://api.weather.gov/stations/PC154,39.39874,-111.11027
https://api.weather.gov/stations/UT26,39.40973,-112.05168
https://api.weather.gov/stations/UCL18,39.42155,-110.8385
https://api.weather.gov/stations/REFU1,39.49667,-111.72508
https://api.weather.gov/stations/UT123,39.526,-110.5744
https://api.weather.gov/stations/UR310,39.53573,-112.27766
https://api.weather.gov/stations/TAKU1,39.74104,-113.98262
https://api.weather.gov/stations/UTFRT,40.20525,-110.77125
https://api.weather.gov/stations/TADU1,40.29972,-110.60417
https://api.weather.gov/stations/YLLU1,40.51194,-110.34083
https://api.weather.gov/stations/RCKU1,40.54875,-110.69292
https://api.weather.gov/stations/TRLU1,40.67933,-110.94877
https://api.weather.gov/stations/FPLU1,40.71785,-110.46721
https://api.weather.gov/stations/DPG17,40.72728,-113.4691
https://api.weather.gov/stations/UR297,40.73046,-113.01351
https://api.weather.gov/stations/CWHU1,40.77458,-110.0105
https://api.weather.gov/stations/UTMOP,40.84185,-109.64705
https://api.weather.gov/stations/UTMU1,40.92258,-109.38986
https://api.weather.gov/stations/FREUT,41.15461,-112.32998
https://api.weather.gov/stations/PC492,41.257,-112.44071
https://api.weather.gov/stations/UTS16,41.421,-111.051
https://api.weather.gov/stations/PC580,41.53539,-111.11048
https://api.weather.gov/stations/UCC11,41.60385,-111.56269
https://api.weather.gov/stations/UCC45,41.67071,-111.1746
https://api.weather.gov/stations/UCC05,41.83265,-111.08772
https://api.weather.gov/stations/UCC03,41.96046,-112.49057
https://api.weather.gov/stations/PC093,37.15272,-113.03411
https://api.weather.gov/stations/BDGU1,37.26665,-109.60739
https://api.weather.gov/stations/VEYU1,37.35222,-113.66667
https://api.weather.gov/stations/UCL27,37.62644,-112.04456
https://api.weather.gov/stations/PC094,37.64121,-113.37432
https://api.weather.gov/stations/UCC22,37.71907,-113.70202
https://api.weather.gov/stations/CJSU1,37.81333,-109.48723
https://api.weather.gov/stations/C4541,38.00783,-109.18333
https://api.weather.gov/stations/PC091,38.02526,-112.72667
https://api.weather.gov/stations/UCC24,38.07066,-109.56666
https://api.weather.gov/stations/LBVUT,38.14908,-109.12355
https://api.weather.gov/stations/PC187,38.18191,-109.26002
https://api.weather.gov/stations/TORU1,38.30278,-111.29333
https://api.weather.gov/stations/FREU1,38.30694,-111.5175
https://api.weather.gov/stations/FLSU1,38.50456,-111.76689
https://api.weather.gov/stations/UCL25,38.63411,-112.15766
https://api.weather.gov/stations/PPCUT,38.67485,-109.41637
https://api.weather.gov/stations/PC477,39.20008,-111.67505
https://api.weather.gov/stations/PC291,39.20267,-112.14391
https://api.weather.gov/stations/PC295,39.32128,-111.77027
https://api.weather.gov/stations/OARU1,39.3485,-112.1919
https://api.weather.gov/stations/C3996,39.37217,-112.33383
https://api.weather.gov/stations/UCL12,39.45063,-112.63814
https://api.weather.gov/stations/PC483,39.64046,-111.66621
https://api.weather.gov/stations/PC618,39.80492,-111.50706
https://api.weather.gov/stations/PC600,39.86103,-110.71848
https://api.weather.gov/stations/UCC54,40.07055,-112.45718
https://api.weather.gov/stations/UTVU1,40.13464,-109.64289
https://api.weather.gov/stations/UTMYT,40.19943,-110.06792
https://api.weather.gov/stations/DURU1,40.21028,-109.78139
https://api.weather.gov/stations/DPG07,40.2269,-112.72527
https://api.weather.gov/stations/UP106,40.27491,-112.39706
https://api.weather.gov/stations/PC489,40.33694,-112.60965
https://api.weather.gov/stations/DPG15,40.34109,-113.23533
https://api.weather.gov/stations/DPG16,40.36726,-113.00444
https://api.weather.gov/stations/MFKU1,40.49384,-112.6114
https://api.weather.gov/stations/UCL23,40.52842,-112.75906
https://api.weather.gov/stations/MTHU1,40.56167,-110.49222
https://api.weather.gov/stations/WTRU1,40.59361,-109.93167
https://api.weather.gov/stations/KGCU1,40.71632,-109.54401
https://api.weather.gov/stations/LBNU1,40.73785,-110.62121
https://api.weather.gov/stations/UTWDL,40.7729,-112.801
https://api.weather.gov/stations/BFLAT,40.78422,-113.82946
https://api.weather.gov/stations/HPSU1,40.90663,-109.96287
https://api.weather.gov/stations/K40U,40.9833,-109.6833
https://api.weather.gov/stations/PC559,41.1755,-111.40878
https://api.weather.gov/stations/UP142,41.22979,-111.08597
https://api.weather.gov/stations/UTMON,41.4446,-111.5056
https://api.weather.gov/stations/QNW,41.94467,-112.23377
https://api.weather.gov/stations/PC467,37.21006,-113.17707
https://api.weather.gov/stations/ALTU1,37.4402,-112.4819
https://api.weather.gov/stations/D4219,37.5717,-113.71144
https://api.weather.gov/stations/PGLU1,37.70433,-112.65024
https://api.weather.gov/stations/UCC20,37.86225,-112.88105
https://api.weather.gov/stations/UTMPO,37.873,-109.3061
https://api.weather.gov/stations/UTBVR,38.14989,-112.61045
https://api.weather.gov/stations/PC172,38.21609,-112.22536
https://api.weather.gov/stations/UTBEV,38.2934,-112.651
https://api.weather.gov/stations/UTFIM,38.318,-109.4175
https://api.weather.gov/stations/UTWCR,38.4212,-112.6492
https://api.weather.gov/stations/UCC56,38.42889,-111.91786
https://api.weather.gov/stations/UP010,38.48711,-112.98386
https://api.weather.gov/stations/PC198,38.49699,-112.21683
https://api.weather.gov/stations/BXCU1,38.50809,-112.01856
https://api.weather.gov/stations/PC482,38.73779,-112.01932
https://api.weather.gov/stations/UT144,38.7379,-112.5844
https://api.weather.gov/stations/UTSSU,38.78319,-111.49338
https://api.weather.gov/stations/PC290,38.87578,-111.87663
https://api.weather.gov/stations/UTSCN,38.9057,-111.6399
https://api.weather.gov/stations/UTSPX,39.0182,-110.2904
https://api.weather.gov/stations/PC346,39.03487,-112.3359
https://api.weather.gov/stations/DCPU1,39.04554,-111.46875
https://api.weather.gov/stations/WRIU1,39.13233,-111.35685
https://api.weather.gov/stations/UCL17,39.22007,-111.06976
https://api.weather.gov/stations/UCL19,39.30786,-110.97402
https://api.weather.gov/stations/DLTU1,39.3872,-112.50945
https://api.weather.gov/stations/UKALF,39.4726,-111.4929
https://api.weather.gov/stations/PC150,39.52142,-110.40058
https://api.weather.gov/stations/UTLMP,39.5944,-111.9161
https://api.weather.gov/stations/CAOU1,39.65795,-110.37906
https://api.weather.gov/stations/KU14,39.7386,-111.8722
https://api.weather.gov/stations/UTTP4,39.75715,-110.91698
https://api.weather.gov/stations/RDN,39.989,-111.3701
https://api.weather.gov/stations/PC561,40.15291,-110.2407
https://api.weather.gov/stations/STDU1,40.16488,-111.20663
https://api.weather.gov/stations/UTSTV,40.17258,-110.493
https://api.weather.gov/stations/UTLAK,40.1768,-111.92455
https://api.weather.gov/stations/HOBU1,40.18538,-111.35971
https://api.weather.gov/stations/DPG03,40.20802,-113.33857
https://api.weather.gov/stations/UTWLF,40.4872,-111.0344
https://api.weather.gov/stations/BRUU1,40.58889,-109.46472
https://api.weather.gov/stations/UTDOL,40.722,-112.564
https://api.weather.gov/stations/UT43W,40.9918,-109.8445
https://api.weather.gov/stations/PC066,41.02112,-111.11708
https://api.weather.gov/stations/GSLM,41.296997,-112.269075
https://api.weather.gov/stations/HRGU1,41.31372,-111.44624
https://api.weather.gov/stations/C8429,41.8,-111.3
https://api.weather.gov/stations/UTWTV,41.81014,-112.33939
https://api.weather.gov/stations/PC358,41.84859,-112.67298
https://api.weather.gov/stations/C8845,41.96417,-112.70867
https://api.weather.gov/stations/UCC46,41.99099,-111.95641
https://api.weather.gov/stations/FPWU1,37.00167,-113.46806
https://api.weather.gov/stations/UTSHR,37.09933,-113.3779
https://api.weather.gov/stations/FG016,37.23404,-113.3516
https://api.weather.gov/stations/MVYU1,38.30285,-112.43637
https://api.weather.gov/stations/PC203,38.57103,-112.37966
https://api.weather.gov/stations/PC616,38.59024,-109.25145
https://api.weather.gov/stations/BFTU1,38.6799,-111.59765
https://api.weather.gov/stations/FRLU1,38.77246,-111.67662
https://api.weather.gov/stations/PC202,38.78475,-112.18238
https://api.weather.gov/stations/PCKU1,38.88185,-112.24915
https://api.weather.gov/stations/PC599,38.93415,-110.13112
https://api.weather.gov/stations/UCC38,39.05862,-110.09041
https://api.weather.gov/stations/UP154,39.49014,-112.40955
https://api.weather.gov/stations/HNHU1,39.61774,-111.30576
https://api.weather.gov/stations/PC254,39.65353,-111.12962
https://api.weather.gov/stations/PC352,39.77311,-111.16887
https://api.weather.gov/stations/CRKU1,39.89275,-111.25154
https://api.weather.gov/stations/VNCU1,39.93681,-112.41441
https://api.weather.gov/stations/WRVU1,39.96443,-110.98848
https://api.weather.gov/stations/DSTU1,40.2953,-111.25677
https://api.weather.gov/stations/PC619,40.30921,-112.23113
https://api.weather.gov/stations/CUCU1,40.35747,-111.08993
https://api.weather.gov/stations/KENV,40.72056,-114.03583
https://api.weather.gov/stations/EFBU1,40.88472,-110.54056
https://api.weather.gov/stations/UP029,41.1089,-111.20748
https://api.weather.gov/stations/FG018,41.69205,-112.30286
https://api.weather.gov/stations/UCC32,41.89538,-112.04831
https://api.weather.gov/stations/F7258,37.12917,-113.62983
https://api.weather.gov/stations/UTACR,37.4116,-113.2348
https://api.weather.gov/stations/UTPTR,38.33885,-112.21789
https://api.weather.gov/stations/QM7,38.56481,-109.53644
https://api.weather.gov/stations/PC332,38.63275,-112.61628
https://api.weather.gov/stations/QP2,39.5958,-110.77
https://api.weather.gov/stations/FG011,39.87351,-112.129
https://api.weather.gov/stations/UR615,40.0385,-111.5362
https://api.weather.gov/stations/DPG04,40.04602,-113.0455
https://api.weather.gov/stations/DPG02,40.04613,-113.2081
https://api.weather.gov/stations/DPG13,40.1067,-112.80815
https://api.weather.gov/stations/E3808,40.46158,-111.22775
https://api.weather.gov/stations/GVLU1,40.6364,-112.67739
https://api.weather.gov/stations/CHCU1,40.85464,-111.04765
https://api.weather.gov/stations/BERU1,40.96528,-110.85278
https://api.weather.gov/stations/KLBU1,37.52641,-113.05386
https://api.weather.gov/stations/MDVU1,37.56933,-112.83849
https://api.weather.gov/stations/PC563,37.79983,-113.15754
https://api.weather.gov/stations/LSMU1,38.48226,-109.27198
https://api.weather.gov/stations/PC266,40.54216,-109.69963
https://api.weather.gov/stations/LLKU1,40.86493,-110.79813
https://api.weather.gov/stations/C8632,41.78748,-112.16482
https://api.weather.gov/stations/C8633,41.94033,-111.81345
https://api.weather.gov/stations/PC092,37.53106,-113.22402
https://api.weather.gov/stations/BRHU1,37.67994,-112.85674
https://api.weather.gov/stations/UP234,39.95359,-112.2414
https://api.weather.gov/stations/DPG08,40.19662,-113.16707
https://api.weather.gov/stations/DPG22,40.20812,-112.95962
https://api.weather.gov/stations/PC104,40.56358,-112.47788
https://api.weather.gov/stations/PC366,40.86538,-111.25242
https://api.weather.gov/stations/ECWU1,40.96778,-111.43694
https://api.weather.gov/stations/UCC41,40.31311,-112.03116
https://api.weather.gov/stations/PC353,40.41344,-109.59288
https://api.weather.gov/stations/BSFU1,40.42806,-112.3125
https://api.weather.gov/stations/PC356,40.56949,-111.23664
https://api.weather.gov/stations/PC359,40.93416,-111.62848
https://api.weather.gov/stations/UCC12,41.51914,-112.17401
https://api.weather.gov/stations/PC494,41.52156,-111.77946
https://api.weather.gov/stations/TPKU1,41.79332,-111.5459
https://api.weather.gov/stations/F5881,40.72117,-111.29133
https://api.weather.gov/stations/PC057,40.84912,-111.39899
https://api.weather.gov/stations/E4897,41.03283,-111.69583
https://api.weather.gov/stations/F8325,41.93675,-111.38895
https://api.weather.gov/stations/MCSU1,38.48556,-109.41028
https://api.weather.gov/stations/QSF,40.1363,-111.6602
https://api.weather.gov/stations/UTDEV,41.0568,-111.5322
https://api.weather.gov/stations/KDNU1,41.96763,-111.59754
https://api.weather.gov/stations/COAU1,37.67222,-113.03389
https://api.weather.gov/stations/UTTLE,40.56585,-112.2962
https://api.weather.gov/stations/PC490,40.70203,-112.25411
https://api.weather.gov/stations/PC299,41.31478,-111.62937
https://api.weather.gov/stations/KHCR,40.47742,-111.43295
https://api.weather.gov/stations/UTWLD,41.44021,-112.05637
https://api.weather.gov/stations/PC070,37.65189,-113.16915
https://api.weather.gov/stations/UTRKY,39.9371,-111.8112
https://api.weather.gov/stations/UTPW3,41.39134,-111.79291
https://api.weather.gov/stations/UUPYA,41.03028,-112.1175
https://api.weather.gov/stations/C9350,41.57415,-112.0325
https://api.weather.gov/stations/F1606,41.295,-112.093
https://api.weather.gov/stations/FG027,40.04283,-111.86326
https://api.weather.gov/stations/KCC18,40.506661,-112.159039
https://api.weather.gov/stations/F0517,40.9465,-111.885
https://api.weather.gov/stations/CRDUT,41.73126,-111.6834
https://api.weather.gov/stations/E4925,40.2755,-111.69283
https://api.weather.gov/stations/FG006,40.02571,-111.70775
https://api.weather.gov/stations/C9635,40.35533,-111.5485
https://api.weather.gov/stations/AR551,41.71431,-111.97509
https://api.weather.gov/stations/AV383,41.32233,-111.9505
https://api.weather.gov/stations/C8946,41.14783,-112.11533
https://api.weather.gov/stations/QIP,40.8079,-112.08772
https://api.weather.gov/stations/F2580,41.638,-111.866
https://api.weather.gov/stations/KLGU,41.78652,-111.85187
https://api.weather.gov/stations/PC409,40.82792,-111.65374
https://api.weather.gov/stations/F8688,40.39967,-111.88617
https://api.weather.gov/stations/TCRUT,40.43599,-111.70506
https://api.weather.gov/stations/GATU1,41.13694,-111.83167
https://api.weather.gov/stations/UTHUN,41.24793,-111.77576
https://api.weather.gov/stations/UT248,40.63387,-111.38467
https://api.weather.gov/stations/PC059,40.76275,-111.49195
https://api.weather.gov/stations/PC612,40.63905,-112.07905
https://api.weather.gov/stations/UTJUN,40.48607,-111.99415
https://api.weather.gov/stations/AU316,41.081,-111.9682
https://api.weather.gov/stations/ELBUT,40.57579,-111.68773
https://api.weather.gov/stations/UCC51,40.80105,-111.93698
https://api.weather.gov/stations/E9651,40.55533,-111.85883
https://api.weather.gov/stations/EMPUT,40.6119,-111.5272
https://api.weather.gov/stations/SLR08,40.66667,-111.82778
